fold,model,mae,rmse,mean_rmsse,median_rmsse,p95_rmsse,max_rmsse,n_series
fold_1,lag28,1.81051979660133,3.762485552895437,0.9355425935826519,0.9245907986259284,1.6864219434033059,7.930501695533338,3287.0
fold_1,trailing28_mean,1.4918230754425288,3.078434772161839,0.7127321759230564,0.6887881899030066,1.3520710581521387,7.930501695533338,3287.0
fold_1,weekly_seasonal_naive,1.7465882915380937,3.5688453868068337,0.9049341773238083,0.8753947783983775,1.7151534663454677,7.930501695533338,3287.0
fold_2,lag28,1.9350580207744796,4.1370395534341045,0.9995843642309648,0.9567235294213701,1.757867228215535,13.496503540684852,3287.0
fold_2,trailing28_mean,1.583437071208161,3.4126071266999447,0.756420518252783,0.7046346198206496,1.3997040292194158,13.437889052998099,3287.0
fold_2,weekly_seasonal_naive,1.8702681559389804,4.020555965057064,0.9633476162779241,0.9046043747199972,1.817305855631465,13.283564372793547,3287.0
fold_3,lag28,1.9508561867095484,4.01778636075202,1.017692352294462,0.9675870255233354,1.7521470203310552,9.785537212870553,3287.0
fold_3,trailing28_mean,1.6118552988582109,3.2329664900422173,0.7712261294069923,0.7197918828026606,1.3990092606782647,8.771524490902005,3287.0
fold_3,weekly_seasonal_naive,1.9201942718066844,3.855233509937045,0.9867356153095327,0.9312696912796352,1.8153619764567162,9.309010792812565,3287.0
average,lag28,1.8988113346951192,3.9724371556938536,0.9842731033693596,0.9496337845235446,1.732145397316632,10.404180816362915,3287.0
average,trailing28_mean,1.5623718151696335,3.2413361296346666,0.7467929411942773,0.7044048975087723,1.383594782683273,10.04663841314448,3287.0
average,weekly_seasonal_naive,1.8456835730945862,3.8148782872669806,0.9516724696370883,0.9037562814660033,1.782607099477883,10.174358953713151,3287.0
