feature,gain,split
rolling_mean_56,47440795.73592758,983
item_id,11309495.452903748,11140
rolling_mean_28,5128535.6668396,459
rolling_mean_7,3329390.604660034,606
lag_28,1000964.1498184204,185
rolling_std_28,769171.0842971802,381
month,747901.522354126,1441
wday,688201.964138031,413
store_id,540058.2308807373,567
event_name_1,492941.15603637695,397
year,361892.6439361572,689
price_rel_hist,270289.3834075928,633
lag_35,221509.6920928955,71
price_lag_28,184346.00155639648,281
snap_CA,88260.13346099854,169
lag_49,29218.450828552246,65
lag_42,18474.86653137207,59
price_wow_change,17452.80010986328,61
event_type_1,0.0,0
event_name_2,0.0,0
event_type_2,0.0,0
