horizon,lightgbm,lag28,trailing28_mean,weekly_seasonal_naive
1,0.8191152981718182,1.0966011793367176,0.8163625577190492,1.0780379477347453
2,0.7067462865413936,0.9454670398235056,0.7202817649258266,0.9603921834308425
3,0.7905005842866769,1.0537769897623013,0.8116453422787483,1.0036480223445956
4,0.7179565807678973,0.973650010420988,0.747115971828634,0.9562986877674515
5,0.7682876924324243,1.0792569638887248,0.7694792263447682,0.9959624273259485
6,0.9111568666776034,1.2104129682474853,0.9136656305418619,1.1497335815872154
7,0.957516443700923,1.3108569837262125,0.9667839443406934,1.2153287386810867
8,0.8883622429590075,1.1669366786741806,0.8756892839287982,1.1124143050829622
9,0.8169354117748707,1.0723184847543912,0.8218869986753219,1.051658592875796
10,0.8422967388627175,1.0783171184317033,0.8508621543638665,1.063043375221695
11,0.7570054913555158,0.9904495413692664,0.7805325443727243,0.9720407391184177
12,0.7882302491324902,1.0747564433213317,0.7908539911753681,0.9943987482383522
13,0.9578640896105508,1.270142778881077,0.9776477915707741,1.1742262351059303
14,0.8869126771513619,1.301660324059795,0.8832592258695761,1.213818659254652
15,0.8550471665508684,1.1344388825194431,0.8596272307652619,1.1085804445554936
16,0.8656221027758088,1.144308041048652,0.8754117633630075,1.0969451068900216
17,0.7416217746533699,1.0104746813403376,0.7696857929780638,1.0213529413001188
18,0.7673631629349648,1.0060960764670115,0.7925727206455038,0.9909841267139706
19,0.7935318546532497,1.0499836477192162,0.8093645612204688,1.0291731256092511
20,0.9703185914112413,1.229841053333615,0.9836425970583288,1.2099807958705173
21,1.033817959232741,1.3500431646463151,1.0599041029073282,1.2758296745595792
22,0.8789947625060162,1.1264408157190482,0.8803127708250615,1.1264408157190482
23,0.8884502402745323,1.1384403505705332,0.9081382223948483,1.1384403505705332
24,0.7707746984884116,1.016774012653901,0.7945330915709553,1.016774012653901
25,0.7696517701044486,1.0118728147553613,0.782148708927705,1.0118728147553613
26,0.801105300540513,1.0481560785871369,0.8223095040102415,1.0481560785871369
27,0.9930957201942708,1.2417034440860206,1.0119891510292354,1.2417034440860206
28,1.01294835392023,1.2793301273869029,1.0435430725194035,1.2793301273869029
