config,fold,num_leaves,learning_rate,rounds,mean_rmsse,median_rmsse,p95_rmsse,max_rmsse,mae,rmse,n_series,train_rows,runtime_s,improvement_vs_lag28_pct,improvement_vs_trailing28_mean_pct,improvement_vs_weekly_seasonal_naive_pct
A,fold_1,31,0.05,300,0.7167425502376377,0.6747969435814052,1.3498816851535533,7.836102163781809,1.5130876123431691,3.218052690029467,3287,2586174,11.9,23.387502059860413,-0.562676198726046,20.796167478469645
B,fold_1,63,0.05,300,0.7140171643498464,0.6730225934993498,1.346122474991877,7.889126949233179,1.5204293344841147,3.406055014064777,3287,2586174,14.2,23.67881812675956,-0.18029050324911342,21.097336995113512
C,fold_1,31,0.03,500,0.7163562029997336,0.6744867135731097,1.339152040604449,7.859324453016582,1.5113055922063916,3.207104732094495,3287,2586174,20.4,23.42879865507203,-0.5084696887696605,20.838860886187614
A,fold_2,31,0.05,300,0.7586520992077648,0.6944446669672677,1.4087450604700649,13.502924621447145,1.5946137843183974,3.415032204653115,3287,2678328,11.7,24.10324467295589,-0.29501856455935194,21.24835455150024
B,fold_2,63,0.05,300,0.7578855460860382,0.6925441837281429,1.4077618915609071,13.532143533940767,1.5929500508242074,3.43286918632174,3287,2678328,14.3,24.179931859066116,-0.1936790182052686,21.32792636013649
C,fold_2,31,0.03,500,0.7591862434092423,0.6946949703597874,1.4072807151318798,13.500078719169892,1.5942858090283614,3.406678599644241,3287,2678328,19.9,24.04980804263319,-0.3656332806581912,21.192907878622037
A,fold_3,31,0.05,300,0.7693210134580191,0.7063149482624255,1.385037310833643,9.209254296052489,1.5959275035332203,3.0540276229048593,3287,2770504,11.9,24.405345906007017,0.2470243001800418,22.033723976134382
B,fold_3,63,0.05,300,0.7650160794152385,0.7037548358221207,1.3799625943398504,9.128509887728713,1.5715860270931599,2.9835203213686845,3287,2770504,14.2,24.828355279426674,0.8052177895643642,22.47000437140826
C,fold_3,31,0.03,500,0.7688388992784878,0.7065508205079084,1.3847732526373284,9.206371699872586,1.592234835749544,3.033860253234604,3287,2770504,17.7,24.45271917931936,0.3095369875940382,22.082583485414382
